,Start Date,End Date,Duration(Days),State
0,2015-06-20,2015-06-21,1,ANDHRA  PRADESH
1,2015-11-15,2015-11-23,8,ANDHRA  PRADESH
2,2015-12-22,2015-12-22,0,ANDHRA  PRADESH
3,2015-10-06,2015-10-06,0,ARUNACHAL PRADESH
4,2015-02-19,2015-02-19,0,ASSAM
5,2015-01-06,2015-06-06,151,ASSAM
6,2015-09-06,2015-06-17,Diffing the dates,ASSAM
7,2015-06-20,2015-06-24,4,ASSAM
8,2015-07-14,2015-07-17,3,ASSAM
9,2015-08-19,2015-08-23,4,ASSAM
10,2015-08-25,2015-08-31,6,ASSAM
11,2015-01-09,2015-12-09,334,ASSAM
12,2015-09-23,2015-09-25,2,ASSAM
13,2015-07-24,2015-07-24,0,BIHAR
14,2015-03-09,2015-03-09,0,CHATTISGARH
15,2015-09-18,2015-09-22,4,CHATTISGARH
16,2015-01-06,2015-09-30,267,CHATTISGARH
17,2015-03-04,2015-04-04,31,HIMACHAL PRADESH
18,2015-06-20,2015-06-21,1,HIMACHAL PRADESH
19,2015-10-07,2015-11-07,31,HIMACHAL PRADESH
20,2015-07-16,2015-07-17,1,HIMACHAL PRADESH
21,2015-07-26,2015-07-26,0,HIMACHAL PRADESH
22,2015-08-08,2015-12-08,122,HIMACHAL PRADESH
23,2015-08-19,2015-08-19,0,HIMACHAL PRADESH
24,2015-03-21,2015-03-21,0,JAMMU & KASHMIR
25,2015-03-30,2015-03-30,0,JAMMU & KASHMIR
26,2015-04-04,2015-04-04,0,JAMMU & KASHMIR
27,2015-06-07,2015-06-07,0,JAMMU & KASHMIR
28,2015-09-07,2015-07-16,Diffing the dates,JAMMU & KASHMIR
29,2015-07-24,2015-07-24,0,JAMMU & KASHMIR
30,2015-07-25,2015-07-31,6,JAMMU & KASHMIR
31,2015-09-23,2015-09-23,0,JAMMU & KASHMIR
32,2015-06-03,2015-03-14,Diffing the dates,KARNATAKA
33,2015-07-04,2015-12-04,153,KARNATAKA
34,2015-04-22,2015-04-23,1,KARNATAKA
35,2015-04-05,2015-11-05,214,KARNATAKA
36,2015-05-27,2015-05-31,4,KARNATAKA
37,2015-06-20,2015-06-25,5,KARNATAKA
38,2015-10-07,2015-07-20,Diffing the dates,KARNATAKA
39,2015-09-29,2015-09-29,0,KARNATAKA
40,2015-01-10,2015-04-10,90,KARNATAKA
41,2015-02-11,2015-02-11,0,KARNATAKA
42,2015-03-03,2015-09-03,184,KERALA
43,2015-03-13,2015-03-17,4,KERALA
44,2015-03-27,2015-03-31,4,KERALA
45,2015-06-04,2015-10-04,122,KERALA
46,2015-11-04,2015-04-16,Diffing the dates,KERALA
47,2015-04-19,2015-04-25,6,KERALA
48,2015-04-26,2015-04-30,4,KERALA
49,2015-03-05,2015-05-05,61,KERALA
50,2015-07-05,2015-09-05,62,KERALA
51,2015-10-05,2015-05-14,Diffing the dates,KERALA
52,2015-05-15,2015-05-28,13,KERALA
53,2015-08-06,2015-06-16,Diffing the dates,KERALA
54,2015-06-19,2015-06-29,10,KERALA
55,2015-07-18,2015-07-20,2,KERALA
56,2015-12-08,2015-12-08,0,KERALA
57,2015-05-09,2015-06-09,31,KERALA
58,2015-09-27,2015-09-28,1,KERALA
59,2015-08-10,2015-09-10,31,KERALA
60,2015-10-30,2015-10-31,1,KERALA
61,2015-01-11,2015-11-21,314,KERALA
62,2015-08-12,2015-12-19,129,KERALA
63,2015-07-19,2015-07-21,2,MADHYA PRADESH
64,2015-08-13,2015-08-13,0,MADHYA PRADESH
65,2015-07-06,2015-06-16,Diffing the dates,MAHARASHTRA
66,2015-06-23,2015-06-23,0,MAHARASHTRA
67,2015-07-20,2015-07-20,0,MAHARASHTRA
68,2015-07-28,2015-07-28,0,MAHARASHTRA
69,2015-07-29,2015-07-29,0,MAHARASHTRA
70,2015-06-08,2015-08-14,67,MAHARASHTRA
71,2015-06-17,2015-06-17,0,MEGHALAYA
72,2015-01-08,2015-01-08,0,ODISHA
73,2015-02-08,2015-02-08,0,ODISHA
74,2015-09-14,2015-09-16,2,ODISHA
75,2015-01-06,2015-09-30,267,PUNJAB
76,2015-03-14,2015-03-15,1,RAJASTHAN
77,2015-07-22,2015-07-31,9,RAJASTHAN
78,2015-01-08,2015-05-08,120,RAJASTHAN
79,2015-08-16,2015-08-16,0,RAJASTHAN
80,2015-01-07,2015-01-07,0,SIKKIM
81,2015-05-07,2015-05-07,0,SIKKIM
82,2015-12-04,2015-12-04,0,TAMIL NADU
83,2015-04-21,2015-04-21,0,TAMIL NADU
84,2015-04-25,2015-04-25,0,TAMIL NADU
85,2015-05-14,2015-05-14,0,TAMIL NADU
86,2015-05-17,2015-05-19,2,TAMIL NADU
87,2015-06-17,2015-06-17,0,TAMIL NADU
88,2015-06-21,2015-06-21,0,TAMIL NADU
89,2015-07-17,2015-07-17,0,TAMIL NADU
90,2015-09-11,2015-09-11,0,TAMIL NADU
91,2015-11-11,2015-11-13,2,TAMIL NADU
92,2015-11-18,2015-11-22,4,TAMIL NADU
93,2015-11-23,2015-11-23,0,TAMIL NADU
94,2015-11-28,2015-11-30,2,TAMIL NADU
95,2015-01-12,2015-03-12,59,TAMIL NADU
96,2015-08-12,2015-11-12,92,TAMIL NADU
97,2015-06-04,2015-12-04,183,TELANGANA
98,2015-04-04,2015-04-04,0,UTTAR PRADESH
99,2015-11-07,2015-12-07,30,UTTAR PRADESH
100,2015-10-28,2015-10-28,0,UTTAR PRADESH
101,2015-01-12,2015-01-12,0,UTTAR PRADESH
102,2015-07-26,2015-07-26,0,UTTARAKHAND
103,2015-01-07,2015-10-07,273,WEST BENGAL
104,2015-07-20,2015-07-24,4,WEST BENGAL
105,2015-02-12,2015-02-12,0,PUDUCHERRY
106,2016-07-14,2016-07-14,0,ANDHRA PRADESH
107,2016-09-15,2016-09-16,1,ANDHRA PRADESH
108,2016-01-09,2016-09-30,265,ANDHRA PRADESH
109,2016-04-22,2016-04-22,0,ARUNACHAL PRADESH
110,2016-04-24,2016-04-27,3,ARUNACHAL PRADESH
111,2016-01-07,2016-01-07,0,ARUNACHAL PRADESH
112,2016-05-08,2016-05-08,0,ARUNACHAL PRADESH
113,2016-11-09,2016-12-09,30,ARUNACHAL PRADESH
114,2016-04-21,2016-04-21,0,ASSAM
115,2016-04-24,2016-04-27,3,ASSAM
116,2016-05-17,2016-05-17,0,ASSAM
117,2016-05-18,2016-05-18,0,ASSAM
118,2016-06-19,2016-06-25,6,ASSAM
119,2016-03-07,2016-07-07,122,ASSAM
120,2016-07-07,2016-07-07,0,ASSAM
121,2016-07-13,2016-07-18,5,ASSAM
122,2016-07-14,2016-07-14,0,ASSAM
123,2016-07-21,2016-07-31,10,ASSAM
124,2016-01-08,2016-05-08,121,ASSAM
125,2016-08-13,2016-08-13,0,ASSAM
126,2016-01-09,2016-07-09,182,ASSAM
127,2016-09-13,2016-09-16,3,ASSAM
128,2016-05-18,2016-05-18,0,BIHAR
129,2016-07-25,2016-07-27,2,BIHAR
130,2016-12-08,2016-12-08,0,BIHAR
131,2016-08-17,2016-08-21,4,BIHAR
132,2016-08-23,2016-08-25,2,BIHAR
133,2016-08-28,2016-08-28,0,BIHAR
134,2016-08-30,2016-08-30,0,BIHAR
135,2016-01-09,2016-02-09,31,BIHAR
136,2016-03-09,2016-03-09,0,BIHAR
137,2016-02-06,2016-03-06,29,CHHATTISGARH
138,2016-12-06,2016-06-13,Diffing the dates,CHHATTISGARH
139,2016-02-08,2016-02-08,0,CHHATTISGARH
140,2016-08-19,2016-08-19,0,CHHATTISGARH
141,2016-08-26,2016-08-31,5,CHHATTISGARH
142,2016-11-09,2016-09-13,Diffing the dates,CHHATTISGARH
143,2016-01-06,2016-09-28,266,GUJARAT
144,2016-10-05,2016-10-05,0,HIMACHAL PRADESH
145,2016-06-15,2016-06-16,1,HIMACHAL PRADESH
146,2016-03-07,2016-04-07,31,HIMACHAL PRADESH
147,2016-10-07,2016-07-17,Diffing the dates,HIMACHAL PRADESH
148,2016-07-23,2016-07-31,8,HIMACHAL PRADESH
149,2016-01-08,2016-02-08,31,HIMACHAL PRADESH
150,2016-05-08,2016-07-08,61,HIMACHAL PRADESH
151,2016-10-08,2016-12-08,61,HIMACHAL PRADESH
152,2016-08-17,2016-08-18,1,HIMACHAL PRADESH
153,2016-08-25,2016-08-26,1,HIMACHAL PRADESH
154,2016-12-05,2016-12-05,0,JAMMU & KASHMIR
155,2016-07-06,2016-07-06,0,JAMMU & KASHMIR
156,2016-07-27,2016-07-27,0,JAMMU & KASHMIR
157,2016-05-08,2016-05-08,0,JAMMU & KASHMIR
158,2016-06-08,2016-07-08,30,JAMMU & KASHMIR
159,2016-08-24,2016-08-24,0,JAMMU & KASHMIR
160,2016-03-07,2016-05-07,61,JHARKHAND
161,2016-03-08,2016-03-08,0,JHARKHAND
162,2016-12-08,2016-12-08,0,JHARKHAND
163,2016-08-16,2016-08-18,2,JHARKHAND
164,2016-08-22,2016-08-23,1,JHARKHAND
165,2016-09-09,2016-12-09,91,JHARKHAND
166,2016-09-10,2016-09-10,0,JHARKHAND
167,2016-06-20,2016-06-20,0,KARNATAKA
168,2016-06-22,2016-06-22,0,KARNATAKA
169,2016-06-27,2016-06-27,0,KARNATAKA
170,2016-03-07,2016-06-07,92,KARNATAKA
171,2016-11-07,2016-12-07,30,KARNATAKA
172,2016-07-15,2016-07-15,0,KARNATAKA
173,2016-07-22,2016-07-22,0,KARNATAKA
174,2016-07-29,2016-07-29,0,KARNATAKA
175,2016-07-31,2016-07-31,0,KARNATAKA
176,2016-05-08,2016-09-08,123,KARNATAKA
177,2016-08-18,2016-08-18,0,KARNATAKA
178,2016-09-15,2016-09-16,1,KARNATAKA
179,2016-09-22,2016-09-26,4,KARNATAKA
180,2016-12-13,2016-12-14,1,KARNATAKA
181,2016-04-14,2016-04-14,0,KERALA
182,2016-05-31,2016-05-31,0,KERALA
183,2016-07-06,2016-09-06,62,KERALA
184,2016-10-06,2016-06-13,Diffing the dates,KERALA
185,2016-06-16,2016-06-19,3,KERALA
186,2016-06-26,2016-06-29,3,KERALA
187,2016-02-07,2016-02-07,0,KERALA
188,2016-10-07,2016-07-15,Diffing the dates,KERALA
189,2016-09-18,2016-09-18,0,KERALA
190,2016-06-30,2016-06-30,0,MADHYA PRADESH
191,2016-06-07,2016-06-07,0,MADHYA PRADESH
192,2016-07-07,2016-07-07,0,MADHYA PRADESH
193,2016-08-07,2016-10-07,61,MADHYA PRADESH
194,2016-02-08,2016-02-08,0,MADHYA PRADESH
195,2016-08-19,2016-08-20,1,MADHYA PRADESH
196,2016-05-21,2016-05-21,0,MAHARASHTRA
197,2016-06-06,2016-06-06,0,MAHARASHTRA
198,2016-06-20,2016-06-20,0,MAHARASHTRA
199,2016-06-25,2016-06-25,0,MAHARASHTRA
200,2016-01-07,2016-03-07,60,MAHARASHTRA
201,2016-08-07,2016-10-07,61,MAHARASHTRA
202,2016-11-07,2016-12-07,30,MAHARASHTRA
203,2016-12-07,2016-12-07,0,MAHARASHTRA
204,2016-07-28,2016-07-28,0,MAHARASHTRA
205,2016-07-30,2016-07-31,1,MAHARASHTRA
206,2016-01-08,2016-01-08,0,MAHARASHTRA
207,2016-02-08,2016-02-08,0,MAHARASHTRA
208,2016-03-08,2016-03-08,0,MAHARASHTRA
209,2016-09-24,2016-09-26,2,MAHARASHTRA
210,2016-02-10,2016-04-10,60,MAHARASHTRA
211,2016-05-23,2016-05-23,0,MIZORAM
212,2016-09-18,2016-09-18,0,MIZORAM
213,2016-03-08,2016-08-08,153,MIZORAM
214,2016-11-07,2016-11-07,0,RAJASTHAN
215,2016-07-15,2016-07-15,0,RAJASTHAN
216,2016-07-28,2016-07-28,0,RAJASTHAN
217,2016-09-08,2016-08-13,Diffing the dates,RAJASTHAN
218,2016-08-16,2016-08-20,4,RAJASTHAN
219,2016-08-22,2016-08-30,8,RAJASTHAN
220,2016-11-06,2016-06-13,Diffing the dates,TAMIL NADU
221,2016-07-26,2016-07-26,0,TAMIL NADU
222,2016-02-03,2016-02-03,0,TELANGANA
223,2016-08-31,2016-08-31,0,TELANGANA
224,2016-01-09,2016-09-30,265,TELANGANA
225,2016-05-18,2016-05-18,0,TRIPURA
226,2016-12-03,2016-12-03,0,UTTAR PRADESH
227,2016-01-07,2016-03-07,60,UTTAR PRADESH
228,2016-07-18,2016-07-18,0,UTTAR PRADESH
229,2016-07-30,2016-07-30,0,UTTAR PRADESH
230,2016-08-16,2016-08-16,0,UTTAR PRADESH
231,2016-08-05,2016-08-05,0,UTTARAKHAND
232,2016-05-22,2016-05-22,0,UTTARAKHAND
233,2016-05-28,2016-05-28,0,UTTARAKHAND
234,2016-03-07,2016-03-07,0,UTTARAKHAND
235,2016-07-16,2016-07-17,1,UTTARAKHAND
236,2016-07-21,2016-07-23,2,UTTARAKHAND
237,2016-07-20,2016-07-20,0,WEST BENGAL
238,2016-07-24,2016-07-25,1,WEST BENGAL
239,2016-08-17,2016-08-17,0,WEST BENGAL
240,2016-08-23,2016-08-29,6,WEST BENGAL
241,2014-02-05,2014-12-05,303,ANDHRA PRADESH
242,2014-06-09,2014-09-09,92,ANDHRA PRADESH
243,2014-08-14,2014-08-18,4,ARUNACHAL PRADESH
244,2014-06-22,2014-06-28,6,ASSAM
245,2014-08-07,2014-10-07,61,ASSAM
246,2014-07-14,2014-07-19,5,ASSAM
247,2014-07-23,2014-07-30,7,ASSAM
248,2014-08-15,2014-08-31,16,ASSAM
249,2014-09-22,2014-09-30,8,ASSAM
250,2014-08-14,2014-08-27,13,BIHAR
251,2014-09-14,2014-09-20,6,BIHAR
252,2014-10-14,2014-10-14,0,BIHAR
253,2014-07-22,2014-07-23,1,CHHATTISGARH
254,2014-07-30,2014-07-30,0,CHHATTISGARH
255,2014-10-13,2014-10-15,2,CHHATTISGARH
256,2014-07-15,2014-07-18,3,HIMACHAL PRADESH
257,2014-07-23,2014-07-30,7,HIMACHAL PRADESH
258,2014-06-08,2014-08-08,61,HIMACHAL PRADESH
259,2014-08-13,2014-08-15,2,HIMACHAL PRADESH
260,2014-01-22,2014-01-22,0,JAMMU & KASHMIR
261,2014-07-24,2014-07-24,0,JAMMU & KASHMIR
262,2014-07-31,2014-07-31,0,JAMMU & KASHMIR
263,2014-02-09,2014-02-09,0,JAMMU & KASHMIR
264,2014-09-11,2014-09-11,0,JAMMU & KASHMIR
265,2014-12-10,2014-10-14,Diffing the dates,JHARKHAND
266,2014-08-03,2014-10-03,61,KARNATAKA
267,2014-05-19,2014-05-20,1,KARNATAKA
268,2014-02-06,2014-06-06,120,KARNATAKA
269,2014-06-28,2014-06-29,1,KARNATAKA
270,2014-04-07,2014-09-07,153,KARNATAKA
271,2014-07-31,2014-07-31,0,KARNATAKA
272,2014-01-08,2014-08-08,212,KARNATAKA
273,2014-08-23,2014-08-31,8,KARNATAKA
274,2014-01-09,2014-01-09,0,KARNATAKA
275,2014-02-09,2014-02-09,0,KARNATAKA
276,2014-09-24,2014-09-24,0,KARNATAKA
277,2014-01-10,2014-01-10,0,KARNATAKA
278,2014-05-10,2014-09-10,123,KARNATAKA
279,2014-10-25,2014-10-25,0,KARNATAKA
280,2014-10-28,2014-10-28,0,KARNATAKA
281,2014-07-03,2014-09-03,62,KERALA
282,2014-03-25,2014-03-25,0,KERALA
283,2014-10-04,2014-04-16,Diffing the dates,KERALA
284,2014-04-19,2014-04-30,11,KERALA
285,2014-07-15,2014-07-16,1,MADHYA PRADESH
286,2014-07-20,2014-07-25,5,MADHYA PRADESH
287,2014-03-03,2014-04-03,31,MAHARASHTRA
288,2014-09-03,2014-09-03,0,MAHARASHTRA
289,2014-04-19,2014-04-19,0,MAHARASHTRA
290,2014-10-06,2014-10-06,0,MAHARASHTRA
291,2014-07-13,2014-07-13,0,MAHARASHTRA
292,2014-07-23,2014-07-28,5,MAHARASHTRA
293,2014-07-31,2014-07-31,0,MAHARASHTRA
294,2014-05-08,2014-05-08,0,MAHARASHTRA
295,2014-05-08,2014-06-08,31,MAHARASHTRA
296,2014-08-09,2014-09-09,31,MAHARASHTRA
297,2014-09-23,2014-09-30,7,MEGHALAYA
298,2014-05-27,2014-05-28,1,ODISHA
299,2014-07-19,2014-07-24,5,ODISHA
300,2014-07-27,2014-07-30,3,ODISHA
301,2014-03-08,2014-08-16,161,ODISHA
302,2014-05-09,2014-09-09,123,ODISHA
303,2014-04-09,2014-10-09,183,PUNJAB
304,2014-07-29,2014-07-29,0,RAJASTHAN
305,2014-03-08,2014-03-08,0,RAJASTHAN
306,2014-11-08,2014-11-08,0,RAJASTHAN
307,2014-05-09,2014-05-09,0,RAJASTHAN
308,2014-08-03,2014-08-03,0,TAMIL NADU
309,2014-06-05,2014-08-05,61,TAMIL NADU
310,2014-05-21,2014-05-21,0,TAMIL NADU
311,2014-08-22,2014-08-22,0,TAMIL NADU
312,2014-09-23,2014-09-23,0,TAMIL NADU
313,2014-06-09,2014-09-09,92,TELANGANA
314,2014-10-27,2014-10-27,0,TELANGANA
315,2014-06-19,2014-06-25,6,TRIPURA
316,2014-08-14,2014-08-27,13,UTTAR PRADESH
317,2014-07-27,2014-07-27,0,UTTARAKHAND
318,2014-07-31,2014-07-31,0,UTTARAKHAND
319,2014-11-08,2014-11-08,0,UTTARAKHAND
320,2013-06-14,2013-06-14,0,ANDHRA PRADESH
321,2013-12-07,2013-12-07,0,ANDHRA PRADESH
322,2013-07-16,2013-07-25,9,ANDHRA PRADESH
323,2013-07-31,2013-07-31,0,ANDHRA PRADESH
324,2013-01-08,2013-04-08,90,ANDHRA PRADESH
325,2013-08-16,2013-08-17,1,ANDHRA PRADESH
326,2013-09-13,2013-09-13,0,ANDHRA PRADESH
327,2013-11-10,2013-10-14,Diffing the dates,ANDHRA PRADESH
328,2013-10-20,2013-10-28,8,ANDHRA PRADESH
329,2013-06-26,2013-06-29,3,ARUNACHAL PRADESH
330,2013-05-16,2013-05-16,0,ASSAM
331,2013-05-29,2013-05-29,0,ASSAM
332,2013-06-26,2013-06-30,4,ASSAM
333,2013-05-07,2013-12-07,214,ASSAM
334,2013-07-19,2013-07-19,0,ASSAM
335,2013-10-08,2013-08-13,Diffing the dates,ASSAM
336,2013-08-18,2013-08-18,0,ASSAM
337,2013-08-29,2013-08-29,0,ASSAM
338,2013-07-09,2013-08-09,31,ASSAM
339,2013-06-10,2013-06-10,0,ASSAM
340,2013-05-27,2013-05-27,0,BIHAR
341,2013-06-18,2013-06-18,0,BIHAR
342,2013-11-07,2013-07-15,Diffing the dates,BIHAR
343,2013-07-08,2013-07-08,0,BIHAR
344,2013-08-18,2013-08-18,0,BIHAR
345,2013-08-26,2013-08-28,2,BIHAR
346,2013-07-13,2013-07-13,0,CHHATTISGARH
347,2013-07-30,2013-07-31,1,CHHATTISGARH
348,2013-01-08,2013-01-08,0,CHHATTISGARH
349,2013-06-18,2013-06-18,0,GUJARAT
350,2013-09-26,2013-10-02,6,GUJARAT
351,2013-06-17,2013-06-23,6,HIMACHAL PRADESH
352,2013-06-07,2013-07-07,30,HIMACHAL PRADESH
353,2013-07-16,2013-07-20,4,HIMACHAL PRADESH
354,2013-07-24,2013-07-24,0,HIMACHAL PRADESH
355,2013-02-08,2013-06-08,120,HIMACHAL PRADESH
356,2013-08-13,2013-08-19,6,HIMACHAL PRADESH
357,2013-09-09,2013-09-09,0,HIMACHAL PRADESH
358,2013-09-15,2013-09-15,0,HIMACHAL PRADESH
359,2013-05-26,2013-05-26,0,JAMMU & KASHMIR
360,2013-05-29,2013-05-29,0,JAMMU & KASHMIR
361,2013-07-20,2013-07-20,0,JAMMU & KASHMIR
362,2013-07-30,2013-07-30,0,JAMMU & KASHMIR
363,2013-01-08,2013-01-08,0,JAMMU & KASHMIR
364,2013-09-08,2013-09-08,0,JAMMU & KASHMIR
365,2013-08-14,2013-08-14,0,JAMMU & KASHMIR
366,2013-08-19,2013-08-19,0,JAMMU & KASHMIR
367,2013-09-09,2013-09-09,0,JAMMU & KASHMIR
368,2013-09-13,2013-09-13,0,JAMMU & KASHMIR
369,2013-08-19,2013-08-19,0,JHARKHAND
370,2013-02-10,2013-02-10,0,JHARKHAND
371,2013-05-31,2013-05-31,0,KARNATAKA
372,2013-05-06,2013-05-06,0,KARNATAKA
373,2013-10-06,2013-06-18,Diffing the dates,KARNATAKA
374,2013-02-07,2013-05-07,89,KARNATAKA
375,2013-07-15,2013-07-15,0,KARNATAKA
376,2013-07-20,2013-07-20,0,KARNATAKA
377,2013-07-25,2013-07-25,0,KARNATAKA
378,2013-01-08,2013-01-08,0,KARNATAKA
379,2013-05-08,2013-05-08,0,KARNATAKA
380,2013-11-09,2013-09-20,Diffing the dates,KARNATAKA
381,2013-09-03,2013-09-03,0,KERALA
382,2013-12-03,2013-12-03,0,KERALA
383,2013-03-26,2013-03-26,0,KERALA
384,2013-03-29,2013-03-31,2,KERALA
385,2013-04-26,2013-04-28,2,KERALA
386,2013-03-05,2013-07-05,122,KERALA
387,2013-05-05,2013-05-05,0,KERALA
388,2013-02-06,2013-06-06,120,KERALA
389,2013-08-06,2013-08-06,0,KERALA
390,2013-08-06,2013-06-16,Diffing the dates,KERALA
391,2013-11-06,2013-06-26,Diffing the dates,KERALA
392,2013-06-17,2013-06-17,0,KERALA
393,2013-06-24,2013-06-27,3,KERALA
394,2013-06-25,2013-06-29,4,KERALA
395,2013-06-27,2013-06-29,2,KERALA
396,2013-01-07,2013-04-07,90,KERALA
397,2013-05-07,2013-12-07,214,KERALA
398,2013-11-07,2013-11-07,0,KERALA
399,2013-11-07,2013-07-13,Diffing the dates,KERALA
400,2013-07-19,2013-07-26,7,KERALA
401,2013-07-23,2013-07-23,0,KERALA
402,2013-07-29,2013-07-29,0,KERALA
403,2013-01-08,2013-02-08,31,KERALA
404,2013-02-08,2013-06-08,120,KERALA
405,2013-04-08,2013-08-08,122,KERALA
406,2013-10-08,2013-08-16,Diffing the dates,KERALA
407,2013-01-09,2013-01-09,0,KERALA
408,2013-12-09,2013-12-09,0,KERALA
409,2013-09-17,2013-09-17,0,KERALA
410,2013-06-26,2013-06-27,1,MADHYA PRADESH
411,2013-04-07,2013-04-07,0,MADHYA PRADESH
412,2013-07-13,2013-07-16,3,MADHYA PRADESH
413,2013-08-23,2013-08-23,0,MADHYA PRADESH
414,2013-11-02,2013-11-02,0,MAHARASHTRA
415,2013-02-23,2013-02-23,0,MAHARASHTRA
416,2013-04-17,2013-04-17,0,MAHARASHTRA
417,2013-04-23,2013-04-23,0,MAHARASHTRA
418,2013-07-06,2013-07-06,0,MAHARASHTRA
419,2013-09-06,2013-09-06,0,MAHARASHTRA
420,2013-06-16,2013-06-18,2,MAHARASHTRA
421,2013-06-22,2013-06-28,6,MAHARASHTRA
422,2013-03-07,2013-03-07,0,MAHARASHTRA
423,2013-07-14,2013-07-19,5,MAHARASHTRA
424,2013-07-24,2013-07-24,0,MAHARASHTRA
425,2013-01-08,2013-03-08,59,MAHARASHTRA
426,2013-09-19,2013-09-19,0,MAHARASHTRA
427,2013-09-26,2013-09-26,0,MAHARASHTRA
428,2013-11-10,2013-11-10,0,MAHARASHTRA
429,2013-11-05,2013-11-05,0,MIZORAM
430,2013-12-07,2013-12-07,0,NAGALAND
431,2013-02-08,2013-02-08,0,ODISHA
432,2013-10-08,2013-10-08,0,ODISHA
433,2013-08-23,2013-08-23,0,ODISHA
434,2013-09-16,2013-09-16,0,ODISHA
435,2013-02-16,2013-02-16,0,RAJASTHAN
436,2013-08-06,2013-08-06,0,RAJASTHAN
437,2013-11-06,2013-11-06,0,RAJASTHAN
438,2013-11-09,2013-11-09,0,TAMIL NADU
439,2013-10-15,2013-10-15,0,TAMIL NADU
440,2013-10-20,2013-10-20,0,TAMIL NADU
441,2013-11-16,2013-11-16,0,TAMIL NADU
442,2013-11-25,2013-11-25,0,TAMIL NADU
443,2013-12-13,2013-12-13,0,TAMIL NADU
444,2013-12-06,2013-12-06,0,UTTAR PRADESH
445,2013-06-17,2013-06-17,0,UTTAR PRADESH
446,2013-06-19,2013-06-19,0,UTTAR PRADESH
447,2013-06-25,2013-06-30,5,UTTAR PRADESH
448,2013-07-15,2013-07-15,0,UTTAR PRADESH
449,2013-07-26,2013-07-26,0,UTTAR PRADESH
450,2013-08-17,2013-08-17,0,UTTAR PRADESH
451,2013-06-14,2013-06-18,4,UTTARAKHAND
452,2013-05-24,2013-05-25,1,ANDAMAN & NICOBAR ISLANDS
453,2013-06-16,2013-06-17,1,NEW DELHI
454,2013-11-25,2013-11-25,0,PUDUCHERRY
455,2014-03-05,2014-09-05,184,KERALA
456,2014-06-06,2014-06-06,0,KERALA
457,2014-12-06,2014-06-14,Diffing the dates,KERALA
458,2014-06-21,2014-06-21,0,KERALA
459,2014-12-07,2014-07-15,Diffing the dates,KERALA
460,2014-01-08,2014-03-08,59,KERALA
461,2014-08-22,2014-08-24,2,KERALA
462,2014-01-09,2014-03-09,59,KERALA
463,2014-09-26,2014-09-26,0,KERALA
464,1985-06-23,1985-06-27,4,KARNATAKA
465,1985-07-18,1985-07-30,12,HIMACHAL PRADESH
466,1985-09-13,1985-10-15,32,UTTAR PRADESH
467,1985-10-18,1985-10-20,2,ODISHA
468,1986-06-15,1986-08-20,66,BIHAR
469,1986-08-15,1986-08-22,7,TELANGANA
470,1986-09-22,1986-10-10,18,
471,1988-05-23,1988-11-06,167,ASSAM
472,1988-06-21,1988-07-14,23,ARUNACHAL PRADESH
473,1988-04-07,1988-08-08,123,
474,1988-07-14,1988-07-27,13,GUJARAT
475,1988-07-31,1988-02-08,Diffing the dates,CHHATTISGARH
476,1988-08-23,1988-09-15,23,BIHAR
477,1988-09-21,1988-08-10,Diffing the dates,PUNJAB
478,1988-03-10,1988-04-10,31,MAHARASHTRA
479,1989-07-22,1989-07-31,9,KARNATAKA
480,1989-05-07,1989-10-08,154,ASSAM
481,1989-03-09,1989-10-09,214,UTTAR PRADESH
482,1990-03-21,1990-03-22,1,
483,1990-10-05,1990-05-13,Diffing the dates,ANDHRA PRADESH
484,1990-06-13,1990-06-18,5,ASSAM
485,1990-03-07,1990-07-24,139,UTTAR PRADESH
486,1990-08-13,1990-08-14,1,UTTAR PRADESH
487,1990-08-19,1990-08-25,6,GUJARAT
488,1990-10-17,1990-10-18,1,ASSAM
489,1990-10-24,1990-10-28,4,TAMIL NADU
490,1991-07-05,1991-11-05,123,ASSAM
491,1991-10-06,1991-12-06,61,MAHARASHTRA
492,1991-07-13,1991-07-19,6,ASSAM
493,1991-07-29,1991-07-31,2,MAHARASHTRA
494,1991-08-14,1991-08-18,4,ODISHA
495,1991-08-15,1991-08-29,14,UTTAR PRADESH
496,1991-01-09,1991-09-14,248,JHARKHAND
497,1991-09-14,1991-09-15,1,WEST BENGAL
498,1991-11-13,1991-11-18,5,ANDHRA PRADESH
499,1992-06-15,1992-07-23,38,KARNATAKA
500,1992-10-07,1992-07-20,Diffing the dates,ASSAM
501,1992-07-26,1992-07-08,Diffing the dates,ODISHA
502,1992-01-08,1992-03-09,61,MADHYA PRADESH
503,1992-12-09,1992-11-20,Diffing the dates,TAMIL NADU
504,1993-04-06,1993-06-22,77,
505,1993-08-07,1993-08-13,6,
506,1993-09-09,1993-09-17,8,UTTAR PRADESH
507,1993-11-10,1993-10-21,Diffing the dates,KARNATAKA
508,1993-10-11,1993-11-14,34,TAMIL NADU
509,1993-04-12,1993-12-15,247,TAMIL NADU
510,1994-01-07,1994-07-24,198,MAHARASHTRA
511,1994-03-07,1994-12-07,275,HIMACHAL PRADESH
512,1994-04-08,1994-11-08,214,UTTAR PRADESH
513,1994-08-08,1994-10-08,61,HIMACHAL PRADESH
514,1994-08-20,1994-08-23,3,HIMACHAL PRADESH
515,1994-08-26,1994-02-09,Diffing the dates,MAHARASHTRA
516,1994-08-31,1994-05-09,Diffing the dates,HIMACHAL PRADESH
517,1994-02-09,1994-07-09,150,ODISHA
518,1994-10-27,1994-10-31,4,TAMIL NADU
519,1994-10-30,1994-04-11,Diffing the dates,ANDHRA PRADESH
520,1995-02-06,1995-03-06,28,MIZORAM
521,1995-06-20,1995-06-23,3,ASSAM
522,1995-01-09,1995-09-20,254,
523,1995-05-09,1995-08-09,92,SIKKIM
524,1995-09-26,1995-02-10,Diffing the dates,WEST BENGAL
525,1995-10-20,1995-10-23,3,ANDHRA PRADESH
526,1996-10-06,1996-06-30,Diffing the dates,RAJASTHAN
527,1996-10-07,1996-07-24,Diffing the dates,ARUNACHAL PRADESH
528,1996-07-17,1996-10-08,83,BIHAR
529,1996-10-21,1996-10-25,4,ANDHRA PRADESH
530,1996-06-11,1996-10-11,122,ANDHRA PRADESH
531,1997-01-08,1997-11-08,304,JHARKHAND
532,1997-08-08,1997-08-14,6,HIMACHAL PRADESH
533,1997-06-22,1997-08-26,65,GUJARAT
534,1997-05-07,1997-07-22,76,KERALA
535,1997-05-07,1997-07-14,68,ASSAM
536,1997-08-22,1997-08-26,4,
537,1997-08-19,1997-08-24,5,MAHARASHTRA
538,1997-09-19,1997-09-24,5,ANDHRA PRADESH
539,1997-04-12,1997-09-12,153,ANDHRA PRADESH
540,1998-09-06,1998-11-06,61,GUJARAT
541,1998-09-16,1998-09-18,2,MAHARASHTRA
542,1998-01-10,1998-10-20,283,ANDHRA PRADESH
543,1999-09-24,1999-09-29,5,
544,1999-10-29,1999-12-11,43,ODISHA
545,2000-10-06,2000-06-16,Diffing the dates,ASSAM
546,2000-07-31,2000-04-08,Diffing the dates,HIMACHAL PRADESH
547,2000-02-08,2000-08-30,204,ASSAM
548,2000-08-23,2000-08-31,8,TELANGANA
549,2000-08-29,2000-09-14,16,UTTAR PRADESH
550,2000-08-30,2000-01-09,Diffing the dates,MAHARASHTRA
551,2000-09-18,2000-10-21,33,WEST BENGAL
552,2000-07-17,2000-07-30,13,KARNATAKA
553,2001-05-06,2001-06-22,47,
554,2001-06-20,2001-06-21,1,GUJARAT
555,2001-04-07,2001-07-16,100,KERALA
556,2001-08-07,2001-10-08,62,ODISHA
557,2001-07-16,2001-07-16,0,UTTARAKHAND
558,2001-08-14,2001-08-15,1,HIMACHAL PRADESH
559,2001-08-20,2001-11-09,81,UTTAR PRADESH
560,2001-07-09,2001-09-24,77,BIHAR
561,2001-09-30,2001-02-10,Diffing the dates,TELANGANA
562,2001-10-16,2001-10-21,5,ANDHRA PRADESH
563,2002-02-02,2002-05-02,89,TAMIL NADU
564,2002-06-16,2002-06-22,6,ASSAM
565,2002-06-25,2002-06-26,1,WEST BENGAL
566,2002-06-26,2002-03-07,Diffing the dates,GUJARAT
567,2002-06-21,2002-08-28,68,
568,2002-11-08,2002-08-13,Diffing the dates,UTTARAKHAND
569,2002-03-09,2002-06-09,92,GUJARAT
570,2002-10-10,2002-10-16,6,KERALA
571,2002-10-31,2002-04-11,Diffing the dates,TAMIL NADU
572,2003-06-21,2003-06-24,3,KARNATAKA
573,2003-06-20,2003-06-26,6,GUJARAT
574,2003-07-29,2003-02-08,Diffing the dates,GUJARAT
575,2003-07-29,2003-03-08,Diffing the dates,TELANGANA
576,2003-08-27,2003-10-20,54,ODISHA
577,2004-09-06,2004-11-06,61,KERALA
578,2004-06-20,2004-07-10,20,BIHAR
579,2004-01-08,2004-08-09,214,GUJARAT
580,2004-07-10,2004-10-18,100,
581,2005-06-26,2005-06-29,3,HIMACHAL PRADESH
582,2005-06-28,2005-07-15,17,GUJARAT
583,2005-06-29,2005-03-07,Diffing the dates,ODISHA
584,2005-02-07,2005-07-15,158,MADHYA PRADESH
585,2005-07-07,2005-07-27,20,
586,2005-07-24,2005-05-08,Diffing the dates,MAHARASHTRA
587,2005-07-23,2005-08-16,24,TELANGANA
588,2005-07-30,2005-03-08,Diffing the dates,ODISHA
589,2005-08-26,2005-08-30,4,UTTAR PRADESH
590,2005-09-14,2005-09-30,16,CHHATTISGARH
591,2005-09-16,2005-05-10,Diffing the dates,UTTAR PRADESH
592,2005-09-22,2005-11-10,49,GUJARAT
593,2005-10-21,2005-10-28,7,WEST BENGAL
594,2005-10-23,2005-09-12,Diffing the dates,TAMIL NADU
595,2006-04-15,2006-04-18,3,ANDHRA PRADESH
596,2006-05-31,2006-04-06,Diffing the dates,MAHARASHTRA
597,2006-05-25,2006-02-06,Diffing the dates,KERALA
598,2006-05-31,2006-07-24,54,ASSAM
599,2006-06-24,2006-03-08,Diffing the dates,UTTAR PRADESH
600,2006-03-07,2006-08-07,153,ODISHA
601,2006-03-07,2006-06-07,92,MAHARASHTRA
602,2006-04-07,2006-07-07,91,GUJARAT
603,2006-07-28,2006-12-09,134,MAHARASHTRA
604,2006-01-08,2006-10-09,274,ODISHA
605,2006-08-29,2006-04-09,Diffing the dates,UTTAR PRADESH
606,2006-08-31,2006-11-09,70,PUNJAB
607,2006-09-18,2006-05-10,Diffing the dates,ODISHA
608,2006-10-26,2006-04-11,Diffing the dates,ANDHRA PRADESH
609,2007-03-20,2007-03-31,11,
610,2007-06-18,2007-06-26,8,ASSAM
611,2007-06-22,2007-04-07,Diffing the dates,ANDHRA PRADESH
612,2007-06-30,2007-07-13,13,CHHATTISGARH
613,2007-01-07,2007-06-07,151,MAHARASHTRA
614,2007-01-07,2007-07-13,187,GUJARAT
615,2007-03-07,2007-09-22,199,WEST BENGAL
616,2007-12-07,2007-10-10,Diffing the dates,ASSAM
617,2007-07-16,2007-07-20,4,KERALA
618,2007-03-08,2007-08-27,172,ODISHA
619,2007-08-08,2007-08-15,7,GUJARAT
620,2007-12-08,2007-08-17,Diffing the dates,PUNJAB
621,2007-09-16,2007-07-10,Diffing the dates,ANDHRA PRADESH
622,2007-09-22,2007-08-10,Diffing the dates,ODISHA
623,2007-10-17,2007-10-24,7,
624,2007-10-27,2007-01-11,Diffing the dates,TAMIL NADU
625,2008-03-20,2008-03-27,7,TAMIL NADU
626,2008-05-24,2008-05-28,4,ASSAM
627,2008-11-06,2008-03-07,Diffing the dates,
628,2008-05-07,2008-07-14,68,MEGHALAYA
629,2008-07-20,2008-08-08,19,
630,2008-05-08,2008-11-08,184,ANDHRA PRADESH
631,2008-08-30,2008-08-09,Diffing the dates,ASSAM
632,2008-09-22,2008-09-29,7,ODISHA
633,2009-01-07,2009-06-07,151,ODISHA
634,2009-11-07,2009-07-17,Diffing the dates,KARNATAKA
635,2009-03-07,2009-06-07,92,ARUNACHAL PRADESH
636,2009-01-08,2009-04-08,90,BIHAR
637,2009-08-15,2009-08-27,12,UTTAR PRADESH
638,2009-08-18,2009-08-27,9,ASSAM
639,2009-06-09,2009-10-09,122,WEST BENGAL
640,2009-09-25,2009-12-10,76,ANDHRA PRADESH
641,2009-03-11,2009-08-11,153,TAMIL NADU
642,2010-03-24,2010-03-26,2,ASSAM
643,2010-04-18,2010-04-21,3,ASSAM
644,2010-05-15,2010-06-26,42,ASSAM
645,2010-05-18,2010-05-24,6,ANDHRA PRADESH
646,2010-05-07,2010-07-15,69,PUNJAB
647,2010-12-07,2010-07-14,Diffing the dates,BIHAR
648,2010-06-08,2010-08-08,61,
649,2010-05-09,2010-09-28,142,RAJASTHAN
650,2010-01-09,2010-09-17,251,ANDHRA PRADESH
651,2010-05-09,2010-09-17,131,ASSAM
652,2010-09-18,2010-09-30,12,UTTAR PRADESH
653,2010-09-18,2010-09-20,2,BIHAR
654,2010-11-15,2010-07-12,Diffing the dates,TAMIL NADU
655,2011-01-06,2011-06-13,158,KERALA
656,2011-06-18,2011-06-21,3,ODISHA
657,2011-01-07,2011-07-22,196,BIHAR
658,2011-01-07,2011-07-22,196,ARUNACHAL PRADESH
659,2011-07-23,2011-09-08,47,
660,2011-10-08,2011-09-13,Diffing the dates,WEST BENGAL
661,2011-08-15,2011-02-10,Diffing the dates,BIHAR
662,2011-08-15,2011-08-09,Diffing the dates,ASSAM
663,2011-08-25,2011-09-13,19,GUJARAT
664,2011-05-09,2011-02-10,Diffing the dates,ODISHA
665,2012-06-06,2012-07-16,40,ASSAM
666,2012-04-07,2012-07-23,107,BIHAR
667,2012-04-08,2012-06-08,61,UTTARAKHAND
668,2012-03-08,2012-06-08,92,ODISHA
669,2012-08-16,2012-08-20,4,ODISHA
670,2012-09-16,2012-09-18,2,HIMACHAL PRADESH
671,2012-09-19,2012-10-15,26,ASSAM
672,2012-04-11,2012-08-11,122,TAMIL NADU
673,2013-12-06,2013-06-27,Diffing the dates,HIMACHAL PRADESH
674,2013-11-06,2013-06-18,Diffing the dates,CHHATTISGARH
675,2013-06-23,2013-07-15,22,ASSAM
676,2013-12-10,2013-10-14,Diffing the dates,ODISHA
677,2013-12-10,2013-10-11,Diffing the dates,JHARKHAND
678,2014-06-23,2014-06-25,2,ARUNACHAL PRADESH
679,2014-07-20,2014-07-29,9,ODISHA
680,2014-11-08,2014-08-09,Diffing the dates,UTTAR PRADESH
681,2014-08-14,2014-08-09,Diffing the dates,BIHAR
682,2014-08-15,2014-08-09,Diffing the dates,ASSAM
683,2014-09-24,2014-11-10,47,ASSAM
684,2014-12-10,2014-10-27,Diffing the dates,TELANGANA
685,2014-10-22,2014-10-27,5,TAMIL NADU
686,2015-03-20,2015-03-31,11,HIMACHAL PRADESH
687,2015-05-17,2015-05-21,4,TAMIL NADU
688,2015-02-06,2015-06-29,143,ASSAM
689,2015-06-24,2015-06-29,5,GUJARAT
690,2015-07-15,2015-08-19,35,UTTAR PRADESH
691,2015-08-13,2015-11-09,88,ASSAM
692,2015-10-11,2015-04-12,Diffing the dates,TAMIL NADU
693,2016-04-20,2016-01-05,Diffing the dates,ASSAM
694,2016-06-29,2016-08-26,58,ASSAM
695,2016-07-07,2016-03-08,Diffing the dates,MADHYA PRADESH
696,2016-01-08,2016-03-08,60,GUJARAT
697,2016-07-15,2016-09-22,69,BIHAR
698,2016-09-21,2016-10-16,25,TELANGANA
699,2017-02-06,2017-03-07,29,ASSAM
700,2017-07-15,2017-07-20,5,GUJARAT
701,2017-07-27,2017-10-08,73,WEST BENGAL
702,2017-10-08,2017-08-26,Diffing the dates,UTTAR PRADESH
703,2017-10-30,2017-08-11,Diffing the dates,TAMIL NADU
704,2018-05-29,2018-05-30,1,KARNATAKA
705,2018-12-06,2018-06-20,Diffing the dates,ASSAM
706,2018-06-25,2018-11-07,135,
707,2018-06-22,2018-02-07,Diffing the dates,GUJARAT
708,2018-06-07,2018-11-07,153,MAHARASHTRA
709,2018-09-07,2018-07-19,Diffing the dates,KARNATAKA
710,2018-07-08,2018-10-08,92,KERALA
711,2018-02-08,2018-10-08,242,ASSAM
712,2018-01-09,2018-07-09,181,UTTAR PRADESH
713,2018-08-15,2018-07-09,Diffing the dates,NAGALAND
714,2018-09-23,2018-02-10,Diffing the dates,HIMACHAL PRADESH
715,2018-11-10,2018-12-10,30,ANDHRA PRADESH
716,2019-03-05,2019-07-05,122,
717,2019-05-24,2019-05-27,3,TRIPURA
718,2019-06-27,2019-07-13,16,ASSAM
719,2019-01-07,2019-05-07,120,MAHARASHTRA
720,2019-06-08,2019-09-08,92,KERALA
721,2019-05-08,2019-09-08,123,ODISHA
722,2019-09-13,2019-09-22,9,RAJASTHAN
723,2019-09-15,2019-09-22,7,MADHYA PRADESH
724,2019-10-25,2019-06-11,Diffing the dates,ASSAM
725,2019-11-30,2019-06-12,Diffing the dates,TAMIL NADU
726,1926-07-19,1926-07-19,0,
727,1928-10-19,1928-10-19,0,
728,1950-07-11,1950-07-11,0,
729,/06/1950,/06/1950,Diffing the dates,
730,/06/1953,/06/1953,Diffing the dates,
731,1956-08-01,1956-08-01,0,GUJARAT
732,1956-09-09,1956-09-09,0,BIHAR
733,/10/1956,/10/1956,Diffing the dates,
734,1957-09-09,1957-09-09,0,UTTAR PRADESH
735,/09/1957,/09/1957,Diffing the dates,
736,/11/1957,/11/1957,Diffing the dates,
737,1958-11-15,1958-11-15,0,
738,1959-07-04,1959-07-04,0,
739,/07/1959,/07/1959,Diffing the dates,
740,/09/1959,/09/1959,Diffing the dates,
741,1960-11-10,1960-11-10,0,
742,/07/1960,/07/1960,Diffing the dates,
743,/08/1960,/08/1960,Diffing the dates,
744,/09/1960,/09/1960,Diffing the dates,
745,/07/1961,/07/1961,Diffing the dates,
746,1961-09-06,1961-09-06,0,
747,1961-10-09,1961-10-09,0,UTTAR PRADESH
748,/10/1961,/10/1961,Diffing the dates,
749,/08/1962,/08/1962,Diffing the dates,
750,/09/1962,/09/1962,Diffing the dates,
751,/07/1963,/07/1963,Diffing the dates,
752,/07/1964,/07/1964,Diffing the dates,ASSAM
753,/10/1964,/10/1964,Diffing the dates,ANDHRA PRADESH
754,/09/1964,/09/1964,Diffing the dates,
755,/09/1964,/09/1964,Diffing the dates,
756,/06/1966,/06/1966,Diffing the dates,ASSAM
757,1967-09-05,1967-09-05,0,
758,1968-06-12,1968-06-12,0,ASSAM
759,/07/1968,/07/1968,Diffing the dates,ASSAM
760,/08/1968,/08/1968,Diffing the dates,
761,/10/1968,/10/1968,Diffing the dates,
762,/07/1970,/07/1970,Diffing the dates,
763,1970-09-02,1970-09-02,0,GUJARAT
764,/06/1971,/06/1971,Diffing the dates,
765,1971-09-09,1971-09-09,0,UTTAR PRADESH
766,/06/1971,/06/1971,Diffing the dates,
767,/06/1974,/06/1974,Diffing the dates,
768,1974-07-02,1974-07-02,0,
769,/07/1975,/07/1975,Diffing the dates,BIHAR
770,/08/1977,/08/1977,Diffing the dates,
771,/10/1977,/10/1977,Diffing the dates,TAMIL NADU
772,/07/1978,/07/1978,Diffing the dates,
773,/09/1978,/09/1978,Diffing the dates,WEST BENGAL
774,/07/1979,/07/1979,Diffing the dates,
775,/10/1979,/10/1979,Diffing the dates,ASSAM
776,/11/1979,/11/1979,Diffing the dates,TAMIL NADU
777,1979-08-25,1979-08-25,0,BIHAR
778,/07/1980,/07/1980,Diffing the dates,ASSAM
779,/07/1980,/07/1980,Diffing the dates,GUJARAT
780,/08/1980,/08/1980,Diffing the dates,BIHAR
781,/09/1980,/09/1980,Diffing the dates,
782,/07/1980,/07/1980,Diffing the dates,
783,1981-07-04,1981-07-04,0,
784,/08/1982,/08/1982,Diffing the dates,
785,/06/1982,/06/1982,Diffing the dates,
786,/07/1983,/07/1983,Diffing the dates,ASSAM
787,/08/1983,/08/1983,Diffing the dates,
788,/12/1983,/12/1983,Diffing the dates,TAMIL NADU
789,/09/1983,/09/1983,Diffing the dates,
790,/05/1984,/05/1984,Diffing the dates,
791,1984-06-25,1984-06-25,0,ASSAM
792,1984-08-16,1984-08-16,0,
793,/08/1984,/08/1984,Diffing the dates,UTTAR PRADESH
794,/09/1984,/09/1984,Diffing the dates,
795,/06/1985,/06/1985,Diffing the dates,PUNJAB
796,/06/1985,/06/1985,Diffing the dates,PUNJAB
797,1985-11-12,1985-11-12,0,TAMIL NADU
798,/09/1985,/09/1985,Diffing the dates,BIHAR
799,1985-06-23,1985-06-23,0,ASSAM
800,/08/1986,/08/1986,Diffing the dates,ANDHRA PRADESH
801,1986-10-10,1986-10-10,0,
802,//1986,//1986,Diffing the dates,
803,/08/1987,/08/1987,Diffing the dates,ASSAM
804,/05/1987,/05/1987,Diffing the dates,
805,1987-07-09,1987-07-09,0,ANDHRA PRADESH
806,1987-09-18,1987-09-18,0,UTTAR PRADESH
807,/06/1988,/06/1988,Diffing the dates,ASSAM
808,1988-09-22,1988-10-09,17,HIMACHAL PRADESH
809,/08/1988,/08/1988,Diffing the dates,ARUNACHAL PRADESH
810,1989-07-28,1989-07-28,0,MAHARASHTRA
811,/08/1989,/08/1989,Diffing the dates,ARUNACHAL PRADESH
812,1990-03-21,1990-03-22,1,
813,1990-10-24,1990-10-28,4,
814,/08/1990,/08/1990,Diffing the dates,
815,1990-06-13,1990-06-18,5,ASSAM
816,1991-07-13,1991-07-19,6,ASSAM
817,1991-06-10,1991-06-12,2,KERALA
818,1991-05-07,1991-05-08,1,ASSAM
819,1991-10-30,1991-10-30,0,KARNATAKA
820,1991-06-01,1991-07-09,38,KERALA
821,1991-07-30,1991-07-30,0,MADHYA PRADESH
822,1991-08-15,1991-08-29,14,BIHAR
823,1991-09-14,1991-09-15,1,WEST BENGAL
824,1992-09-08,31/09/1992,Diffing the dates,MADHYA PRADESH
825,1992-10-08,1992-10-08,0,KERALA
826,1992-07-26,1992-07-31,5,
827,1992-11-10,1992-11-10,0,KARNATAKA
828,/09/1992,/09/1992,Diffing the dates,UTTAR PRADESH
829,1993-07-08,1993-07-31,23,ASSAM
830,1993-10-11,1993-10-21,10,KARNATAKA
831,1993-09-09,1993-09-17,8,UTTAR PRADESH
832,/05/1993,/05/1993,Diffing the dates,ASSAM
833,/07/1993,/07/1993,Diffing the dates,HIMACHAL PRADESH
834,/05/1994,/10/1994,Diffing the dates,ARUNACHAL PRADESH
835,1994-08-17,1994-08-17,0,NEW DELHI
836,1995-09-01,1995-09-20,19,BIHAR
837,1995-09-05,1995-09-08,3,SIKKIM
838,1995-10-23,1995-10-23,0,ANDHRA PRADESH
839,1996-08-23,1996-08-23,0,JAMMU & KASHMIR
840,1996-07-11,1996-07-11,0,UTTAR PRADESH
841,1996-10-21,1996-10-25,4,KARNATAKA
842,1996-07-10,1996-07-24,14,ARUNACHAL PRADESH
843,1996-08-25,1996-09-01,7,ASSAM
844,1996-07-17,1996-08-10,24,BIHAR
845,1997-08-08,1997-08-14,6,HIMACHAL PRADESH
846,1997-08-22,1997-08-22,0,WEST BENGAL
847,/09/1997,/09/1997,Diffing the dates,ARUNACHAL PRADESH
848,1997-06-22,1997-06-28,6,GUJARAT
849,/08/1997,/08/1997,Diffing the dates,
850,1997-09-19,1997-09-24,5,ANDHRA PRADESH
851,/08/1998,/08/1998,Diffing the dates,ASSAM
852,1998-09-16,1998-09-18,2,MAHARASHTRA
853,1998-09-20,1998-09-20,0,ANDHRA PRADESH
854,1999-07-11,1999-08-03,23,ARUNACHAL PRADESH
855,/09/1999,/09/1999,Diffing the dates,BIHAR
856,2000-06-10,2000-06-10,0,ARUNACHAL PRADESH
857,/07/2000,/07/2000,Diffing the dates,ARUNACHAL PRADESH
858,2000-08-02,2000-08-30,28,ARUNACHAL PRADESH
859,2000-08-23,2000-08-31,8,ANDHRA PRADESH
860,2000-09-18,2000-10-21,33,BIHAR
861,2000-10-19,2000-10-19,0,WEST BENGAL
862,2001-06-05,2001-06-22,17,ASSAM
863,2001-07-08,2001-07-10,2,CHHATTISGARH
864,/06/2001,/06/2001,Diffing the dates,KERALA
865,2001-07-04,2001-07-16,12,KERALA
866,/08/2001,/08/2001,Diffing the dates,BIHAR
867,/08/2001,/08/2001,Diffing the dates,
868,2001-08-20,2001-08-20,0,BIHAR
869,/09/2001,/09/2001,Diffing the dates,BIHAR
870,2001-09-07,2001-09-24,17,BIHAR
871,2002-06-21,2002-08-28,68,ARUNACHAL PRADESH
872,2002-08-11,2002-08-13,2,ASSAM
873,2002-08-20,2002-08-20,0,MADHYA PRADESH
874,2002-09-03,2002-09-06,3,MAHARASHTRA
875,2002-10-10,2002-10-16,6,KERALA
876,2002-10-01,2002-10-01,0,TAMIL NADU
877,2003-06-11,2003-10-10,121,ASSAM
878,2003-07-15,2003-09-01,48,GUJARAT
879,2003-08-27,2003-10-20,54,
880,2003-07-16,2003-07-16,0,HIMACHAL PRADESH
881,2003-08-07,2003-08-07,0,HIMACHAL PRADESH
882,2003-09-10,2003-09-10,0,UTTAR PRADESH
883,2004-04-10,2004-04-14,4,
884,2004-06-20,/08/2004,Diffing the dates,ASSAM
885,2004-06-09,2004-06-11,2,KERALA
886,2004-09-20,2004-09-22,2,HIMACHAL PRADESH
887,2004-10-07,2004-10-18,11,ARUNACHAL PRADESH
888,2004-08-01,2004-09-08,38,MAHARASHTRA
889,2005-05-27,2005-05-27,0,NAGALAND
890,2005-06-28,2005-07-15,17,GUJARAT
891,2005-07-09,2005-07-09,0,MAHARASHTRA
892,2005-06-26,2005-06-29,3,HIMACHAL PRADESH
893,2005-07-07,2005-07-28,21,ARUNACHAL PRADESH
894,2005-07-02,2005-07-15,13,MADHYA PRADESH
895,2005-07-10,2005-07-10,0,ANDHRA PRADESH
896,2005-07-24,2005-08-05,12,HIMACHAL PRADESH
897,2005-08-26,2005-08-28,2,UTTAR PRADESH
898,2005-07-23,2005-08-16,24,KARNATAKA
899,2005-09-16,2005-09-19,3,HIMACHAL PRADESH
900,2005-09-14,2005-09-20,6,MADHYA PRADESH
901,2005-10-21,2005-10-24,3,WEST BENGAL
902,2005-09-22,2005-10-11,19,GUJARAT
903,2005-10-23,2005-11-13,21,KARNATAKA
904,2005-12-02,2005-12-03,1,TAMIL NADU
905,2005-07-05,2005-08-14,40,HIMACHAL PRADESH
906,2006-04-15,2006-04-18,3,ANDHRA PRADESH
907,2006-05-31,2006-07-24,54,ASSAM
908,2006-05-25,2006-06-02,8,KERALA
909,2006-05-31,2006-06-04,4,MAHARASHTRA
910,2006-06-24,2006-06-27,3,UTTAR PRADESH
911,2006-07-04,2006-07-07,3,GUJARAT
912,2006-07-03,2006-07-08,5,ODISHA
913,2006-07-24,2006-08-22,29,
914,2006-07-28,2006-09-12,46,KARNATAKA
915,/08/2006,/08/2006,Diffing the dates,GUJARAT
916,2006-08-18,2006-09-02,15,RAJASTHAN
917,2006-08-31,2006-09-11,11,PUNJAB
918,2006-08-29,2006-09-04,6,UTTAR PRADESH
919,2006-10-26,2006-11-04,9,TAMIL NADU
920,2006-08-01,2006-09-10,40,ANDHRA PRADESH
921,2006-03-09,2006-03-10,1,MADHYA PRADESH
922,2006-10-01,2006-10-01,0,MADHYA PRADESH
923,2007-06-18,2007-06-26,8,ASSAM
924,2007-07-01,2007-07-13,12,MADHYA PRADESH
925,2007-07-01,2007-07-06,5,MAHARASHTRA
926,2007-06-30,2007-07-13,13,CHHATTISGARH
927,2007-06-22,2007-07-04,12,KARNATAKA
928,2007-07-21,2007-08-03,13,TRIPURA
929,2007-07-03,2007-09-22,81,ASSAM
930,2007-08-12,2007-08-17,5,HIMACHAL PRADESH
931,2007-08-08,2007-08-15,7,GUJARAT
932,2007-09-22,2007-10-03,11,WEST BENGAL
933,2007-09-16,2007-10-07,21,KARNATAKA
934,2007-10-27,2007-11-01,5,TAMIL NADU
935,2007-08-03,2007-08-27,24,ODISHA
936,2007-07-12,2007-10-10,90,ARUNACHAL PRADESH
937,2007-07-16,2007-07-20,4,KERALA
938,2007-02-11,2007-02-16,5,MADHYA PRADESH
939,2008-03-20,2008-03-28,8,KARNATAKA
940,2008-06-11,2008-07-21,40,ARUNACHAL PRADESH
941,2008-07-05,2008-07-14,9,ASSAM
942,2008-09-05,2008-09-11,6,ANDHRA PRADESH
943,2008-09-14,2008-09-21,7,HIMACHAL PRADESH
944,2008-08-30,2008-09-08,9,ASSAM
945,2008-11-27,2008-12-04,7,TAMIL NADU
946,2008-07-20,2008-08-08,19,ASSAM
947,2009-07-29,2009-07-29,0,
948,/07/2009,/09/2009,Diffing the dates,ASSAM
949,2009-09-25,2009-10-12,17,KARNATAKA
950,2009-10-09,2009-10-09,0,MEGHALAYA
951,2009-11-03,2009-11-08,5,TAMIL NADU
952,2009-08-26,2009-08-28,2,BIHAR
953,2010-07-05,2010-07-15,10,KERALA
954,2010-05-18,2010-05-24,6,ANDHRA PRADESH
955,2010-07-13,2010-07-13,0,
956,2010-08-06,2010-08-08,2,
957,2010-09-05,2010-09-17,12,ASSAM
958,2010-09-18,2010-09-30,12,BIHAR
959,2010-09-09,2010-09-09,0,PUNJAB
960,2010-11-15,2010-12-07,22,TAMIL NADU
961,2011-08-10,2011-09-13,34,WEST BENGAL
962,2011-09-23,2011-10-23,30,ODISHA
963,2011-08-15,2011-09-08,24,ASSAM
964,2011-08-15,2011-10-02,48,ASSAM
965,2011-07-23,2011-08-09,17,RAJASTHAN
966,2011-09-05,2011-09-15,10,
967,2011-06-15,2011-07-16,31,UTTAR PRADESH
968,2012-06-26,2012-07-13,17,ARUNACHAL PRADESH
969,2012-08-21,2012-08-23,2,ARUNACHAL PRADESH
970,2012-08-04,2012-08-09,5,HIMACHAL PRADESH
971,2012-09-16,2012-09-18,2,UTTARAKHAND
972,2012-09-19,2012-09-23,4,ARUNACHAL PRADESH
973,2012-08-21,2012-08-23,2,
974,2013-06-12,2013-06-27,15,BIHAR
975,2013-07-09,2013-07-10,1,UTTAR PRADESH
976,2013-06-23,2013-07-15,22,ASSAM
977,2013-08-22,2013-08-27,5,ASSAM
978,2013-10-21,2013-10-26,5,WEST BENGAL
979,2014-06-26,2014-06-28,2,ASSAM
980,2014-07-16,2014-07-22,6,HIMACHAL PRADESH
981,2014-08-03,2014-08-04,1,
982,/09/2014,/09/2014,Diffing the dates,
983,2014-09-24,2014-10-11,17,ASSAM
984,2014-08-16,2014-09-01,16,ASSAM
985,2014-08-09,2014-08-16,7,ODISHA
986,2015-03-20,2015-03-31,11,HIMACHAL PRADESH
987,2015-05-17,2015-05-21,4,TAMIL NADU
988,2015-06-19,2015-06-20,1,MAHARASHTRA
989,2015-06-23,2015-06-30,7,WEST BENGAL
990,2015-07-15,2015-08-19,35,ASSAM
991,2015-07-07,2015-07-13,6,ARUNACHAL PRADESH
992,2015-08-13,2015-08-19,6,ASSAM
993,2015-08-28,2015-08-30,2,ASSAM
994,2015-07-14,2015-07-16,2,ARUNACHAL PRADESH
995,2015-11-08,2015-12-04,26,TAMIL NADU
996,2016-04-22,2016-04-25,3,ARUNACHAL PRADESH
997,2016-06-25,2016-07-01,6,ARUNACHAL PRADESH
998,2016-07-28,2016-07-30,2,ASSAM
999,2016-07-15,2016-09-12,59,UTTAR PRADESH
1000,2016-07-09,2016-08-22,44,MADHYA PRADESH
1001,2016-08-01,2016-08-03,2,MAHARASHTRA
1002,2016-09-21,2016-09-29,8,TELANGANA
1003,2016-07-17,2016-07-19,2,ASSAM
1004,2017-06-04,2017-06-06,2,ASSAM
1005,2017-06-01,31/06/2017,Diffing the dates,GUJARAT
1006,2017-06-25,2017-07-24,29,ASSAM
1007,/07/2017,/07/2017,Diffing the dates,
1008,/06/2017,/08/2017,Diffing the dates,RAJASTHAN
1009,2017-08-11,2017-08-31,20,BIHAR
1010,2017-08-29,2017-08-29,0,MAHARASHTRA
1011,2017-10-30,2017-11-08,9,TAMIL NADU
1012,2017-08-16,2017-08-23,7,UTTAR PRADESH
1013,2018-06-22,2018-07-03,11,ASSAM
1014,2018-05-17,2018-05-20,3,TRIPURA
1015,2018-05-29,2018-05-31,2,
1016,2018-07-26,2018-07-28,2,RAJASTHAN
1017,2018-07-20,2018-07-23,3,ODISHA
1018,2018-08-07,2018-08-20,13,ASSAM
1019,2018-08-02,2018-08-06,4,ASSAM
1020,2018-09-01,2018-10-06,35,UTTAR PRADESH
1021,2018-09-23,2018-09-24,1,PUNJAB
1022,2019-06-28,2019-07-04,6,MAHARASHTRA
1023,2019-07-14,2019-09-30,78,ASSAM
1024,2019-08-12,2019-08-15,3,KERALA
1025,2019-10-19,2019-10-23,4,KARNATAKA
1026,2019-11-29,2019-12-04,5,TAMIL NADU
